Handle,Title,Body (HTML),Vendor,Type,Tags,Published,Option1 Name,Option1 Value,Variant SKU,Variant Grams,Variant Inventory Qty,Variant Price,Variant Compare At Price,Variant Requires Shipping,Variant Taxable,Image Src,Image Position
jubilee-collection-silver,Silver Jubilee Collection — 25 Years,"<p>Everything in this collection is made from your restored photograph.</p><p>Includes: A2 Heritage Print, Square Photo Cushion (40cm), Classic Photo Mug, 5 Fridge Magnets.</p>",ONJJEM,Gift Collection,Jubilee;Anniversary;Gift,true,,,,0,100,189,,true,true,,
jubilee-collection-pearl,Pearl Jubilee Collection — 30 Years,"<p>Everything in this collection is made from your restored photograph.</p><p>Includes: A1 Gallery Canvas, Luxury Velvet Throw (150×100cm), 500 Piece Jigsaw, Fine Bone China Mug.</p>",ONJJEM,Gift Collection,Jubilee;Anniversary;Gift,true,,,,0,100,249,,true,true,,
jubilee-collection-ruby,Ruby Jubilee Collection — 40 Years,"<p>Everything in this collection is made from your restored photograph.</p><p>Includes: A1 Gallery Canvas, Luxury Silk Cushion (50cm), Queen Fleece Blanket, A3 Photo Calendar, Bone China Mug Pair.</p>",ONJJEM,Gift Collection,Jubilee;Anniversary;Gift,true,,,,0,100,339,,true,true,,
jubilee-collection-golden,Golden Jubilee Collection — 50 Years,"<p>Everything in this collection is made from your restored photograph.</p><p>Includes: A0 Giant Canvas, Luxury Sherpa Throw, 2× Silk Cushions (50cm), 1000 Piece Jigsaw, A4 Photo Book, Bone China Mug Pair.</p>",ONJJEM,Gift Collection,Jubilee;Anniversary;Gift,true,,,,0,100,449,,true,true,,
jubilee-collection-diamond,Diamond Jubilee Collection — 60 Years,"<p>Everything in this collection is made from your restored photograph.</p><p>Includes: A0 Giant Canvas, King Silk Duvet Cover, 2× Silk Cushions, 1000 Piece Jigsaw, 96 Piece Wooden Jigsaw, A4 Photo Book, Tea Set for 4.</p>",ONJJEM,Gift Collection,Jubilee;Anniversary;Gift,true,,,,0,100,649,,true,true,,
jubilee-collection-platinum,Platinum Jubilee Collection — 70 Years,"<p>The most extraordinary anniversary gift we have ever created. Everything in this collection is made from your restored photograph.</p><p>Includes: 150cm Panoramic Canvas, Super King Silk Duvet Cover, 4× Silk Cushions, Sherpa Throw, Queen Fleece Blanket, 1000 Piece Jigsaw, 96 Piece Wooden Jigsaw, A3 Photo Book, Tea Set for 4, Photo Ribbon, Gift Tags, Gift Wrap Roll.</p>",ONJJEM,Gift Collection,Jubilee;Anniversary;Gift,true,,,,0,100,999,,true,true,,
cushion-square-40x40,Square Photo Cushion,"<p>Your restored photo printed on a soft velvet-touch front with a plain colour-matched backing. Fill of your choice: duck feather &amp; down or poly-fibre. Zip fastening. Machine washable. 5-Year Print Guarantee.</p>",ONJJEM,Cushion,Lounge;Cushion;Home,true,Fill,Duck Feather & Down,cushion-square-40x40,0,100,44.99,,true,true,,
cushion-square-40x40,,,,,,,,Fill,Poly-Fibre Fill,cushion-square-40x40,0,100,44.99,,true,true,,
cushion-large-60x60,Large Luxury Cushion,"<p>Our largest cushion — a bold centrepiece for any sofa. Soft velvet-touch front with your expertly restored photo, plain colour-matched backing. Fill of your choice. Machine washable. 5-Year Print Guarantee.</p>",ONJJEM,Cushion,Lounge;Cushion;Home,true,Fill,Duck Feather & Down,cushion-large-60x60,0,100,59.99,,true,true,,
cushion-large-60x60,,,,,,,,Fill,Poly-Fibre Fill,cushion-large-60x60,0,100,59.99,,true,true,,
cushion-silk-portrait,Luxury Silk Portrait Cushion,"<p>Crafted from buttery-soft 100% natural silk — the same quality found in luxury accessories. Hand-sewn in London with your choice of duck feather &amp; down or poly-fibre fill, hidden zip fastening. Dry-clean recommended. 5-Year Print Guarantee.</p>",ONJJEM,Cushion,Lounge;Cushion;Premium,true,Fill,Duck Feather & Down,cushion-silk-portrait,0,100,84.99,,true,true,,
cushion-silk-portrait,,,,,,,,Fill,Poly-Fibre Fill,cushion-silk-portrait,0,100,84.99,,true,true,,
blanket-fleece-small,Photo Fleece Blanket — Small,"<p>Your restored photo printed in full-colour HD onto 570gsm double-layer anti-pilling polar fleece. Handstitched by our London seamstresses. Machine washable, non-fray. Choose from four backing colours. Ideal as a children's blanket or lap throw.</p>",ONJJEM,Blanket,Lounge;Blanket;Home,true,Size,100×73 cm,blanket-fleece-small,0,100,54.99,,true,true,,
blanket-fleece-medium,Photo Fleece Blanket — Medium,"<p>Our most popular size — drapes beautifully over sofas and armchairs. 570gsm double-layer anti-pilling polar fleece, handstitched by our London seamstresses. Printed both sides or single side. Machine washable. Four backing colours.</p>",ONJJEM,Blanket,Lounge;Blanket;Home,true,Size,145×106 cm,blanket-fleece-medium,0,100,74.99,,true,true,,
blanket-fleece-large,Photo Fleece Blanket — Large,"<p>A massive, room-filling blanket. 570gsm double-layer anti-pilling polar fleece, handstitched by our London seamstresses. Machine washable, non-fray. Four backing colours.</p>",ONJJEM,Blanket,Lounge;Blanket;Home,true,Size,198×145 cm,blanket-fleece-large,0,100,99.99,,true,true,,
throw-luxury-velvet,Luxury Velvet Photo Throw,"<p>Heavyweight velvet-touch front with a satin-finish edge. 150×100 cm; satin edge binding; non-slip backing.</p>",ONJJEM,Throw,Lounge;Throw;Premium,true,Size,150×100 cm,throw-luxury-velvet,0,100,149.99,,true,true,,
throw-sherpa-fleece,Luxury Sherpa Photo Throw,"<p>Plush velvet front and a thick, cream Sherpa fleece reverse. Handstitched in London. 127×152 cm.</p>",ONJJEM,Throw,Lounge;Throw;Premium,true,Size,127×152 cm,throw-sherpa-fleece,0,100,189.99,,true,true,,
jigsaw-heart-500,Anniversary Heart Jigsaw,"<p>Heart-shaped puzzle for wedding and anniversary memories. 500 pieces; heart-shaped; satin-gloss finish.</p>",ONJJEM,Jigsaw,Jigsaw;Gift;Anniversary,true,Size,500 Pieces,jigsaw-heart-500,0,100,64.99,,true,true,,
jigsaw-collage-500,Generations Collage Puzzle,"<p>Experts arrange your favourite photos into a collage. 500 pieces; multiple photos.</p>",ONJJEM,Jigsaw,Jigsaw;Gift;Family,true,Size,500 Pieces,jigsaw-collage-500,0,100,44.99,,true,true,,
jigsaw-face-500,Portrait Face Jigsaw,"<p>Experts zoom in on the most important face in your photo. 500 pieces; close-up portrait.</p>",ONJJEM,Jigsaw,Jigsaw;Gift;Portrait,true,Size,500 Pieces,jigsaw-face-500,0,100,74.99,,true,true,,
jigsaw-1000-giant,1000 Piece Giant Puzzle,"<p>Our largest cardboard puzzle — 66×40.6cm. 1000 pieces; 2mm reinforced cardboard.</p>",ONJJEM,Jigsaw,Jigsaw;Gift;Family,true,Size,1000 Pieces,jigsaw-1000-giant,0,100,49.99,,true,true,,
jigsaw-500-standard,500 Piece Standard Puzzle,"<p>Our most popular puzzle — 33×47cm. 500 pieces; 2mm reinforced cardboard.</p>",ONJJEM,Jigsaw,Jigsaw;Gift;Family,true,Size,500 Pieces,jigsaw-500-standard,0,100,39.99,,true,true,,
jigsaw-252-cardboard,252 Piece Classic Cardboard,"<p>27×33.5cm when complete. 252 pieces; satin-gloss laminate.</p>",ONJJEM,Jigsaw,Jigsaw;Gift;Family,true,Size,252 Pieces,jigsaw-252-cardboard,0,100,49.99,,true,true,,
jigsaw-wood-96-classic,96 Piece Classic Wooden,"<p>Chunky, hand-cut wooden pieces with a satisfying click. 2.5mm chunky wood; 36×25 cm.</p>",ONJJEM,Jigsaw,Jigsaw;Gift;Wooden,true,Size,96 Pieces,jigsaw-wood-96-classic,0,100,84.99,,true,true,,
jigsaw-wood-96-heritage,96 Piece Wooden — Heritage Edition,"<p>Presented in a luxury ONJJEM Heritage Gift Box with Certificate of Authenticity. 96 pieces; 2.5mm chunky wood.</p>",ONJJEM,Jigsaw,Jigsaw;Gift;Premium,true,Size,96 Pieces,jigsaw-wood-96-heritage,0,100,89.99,,true,true,,
jigsaw-wood-30-kids,30 Piece Kids Wooden,"<p>30 extra-chunky 2.5mm wooden pieces, sized for small hands. 25×17.5 cm.</p>",ONJJEM,Jigsaw,Jigsaw;Gift;Kids,true,Size,30 Pieces,jigsaw-wood-30-kids,0,100,64.99,,true,true,,
print-7x5-standard,Standard Photo Print,"<p>Printed on premium gloss photo paper. 7×5 inch (12.7×17.8 cm).</p>",ONJJEM,Print,Print;Photo;Standard,true,Size,7×5 inch,print-7x5-standard,0,100,14.99,,true,true,,
print-a4-poster,A4 Photo Poster,"<p>160gsm semi-gloss satin paper with a white border. 21×29.7 cm.</p>",ONJJEM,Print,Print;Poster;Photo,true,Size,A4,print-a4-poster,0,100,24.99,,true,true,,
print-a3-poster,A3 Photo Poster,"<p>Gallery-quality print ready to frame. 29.7×42 cm.</p>",ONJJEM,Print,Print;Poster;Photo,true,Size,A3,print-a3-poster,0,100,34.99,,true,true,,
print-a2-boutique,A2 Boutique Poster,"<p>189gsm smooth matte fine art paper. 42×59.4 cm.</p>",ONJJEM,Print,Print;Poster;Fine Art,true,Size,A2,print-a2-boutique,0,100,49.99,,true,true,,
print-a1-statement,A1 Statement Poster,"<p>A high-impact gallery print that fills the room. 59.4×84.1 cm.</p>",ONJJEM,Print,Print;Poster;Gallery,true,Size,A1,print-a1-statement,0,100,69.99,,true,true,,
print-a0-giant,A0 Giant Poster,"<p>Our largest print, truly commanding at A0 scale. 84.1×118.9 cm.</p>",ONJJEM,Print,Print;Poster;Giant,true,Size,A0,print-a0-giant,0,100,99.99,,true,true,,
print-panoramic-150cm,Massive Panoramic Print,"<p>Breathtaking wide-angle restoration. 150 cm wide; premium fine art paper.</p>",ONJJEM,Print,Print;Panoramic;Fine Art,true,Size,150 cm Wide,print-panoramic-150cm,0,100,115,,true,true,,
canvas-a3-classic,A3 Gallery Canvas,"<p>400gsm artist-grade canvas on a 2cm pine frame. 42×29.7 cm; ready to hang.</p>",ONJJEM,Canvas,Canvas;Print;Gallery,true,Size,A3,canvas-a3-classic,0,100,64.99,,true,true,,
canvas-a2-premium,A2 Premium Canvas,"<p>Hand-stretched on a 4cm deep-edge solid pine frame. 59.4×42 cm.</p>",ONJJEM,Canvas,Canvas;Print;Premium,true,Size,A2,canvas-a2-premium,0,100,84.99,,true,true,,
canvas-a1-master,A1 Master Gallery Canvas,"<p>Commands any wall with museum-grade impact. 84.1×59.4 cm; 4cm deep edge.</p>",ONJJEM,Canvas,Canvas;Print;Master,true,Size,A1,canvas-a1-master,0,100,124.99,,true,true,,
canvas-a0-giant,A0 Giant Statement Canvas,"<p>Our largest canvas. 118.9×84.1 cm; 4cm deep edge.</p>",ONJJEM,Canvas,Canvas;Print;Giant,true,Size,A0,canvas-a0-giant,0,100,189.99,,true,true,,
classic-mug,Classic Photo Mug,"<p>Chunky, satisfying everyday mug. Ceramic; 10-year print guarantee.</p>",ONJJEM,Mug,Kitchen;Mug;Gift,true,,,,0,100,24.99,,true,true,,
thermal-travel-mug,Thermal Travel Mug,"<p>Stainless steel with double-walled vacuum insulation. Leak-proof screw lid; fits car cup holders.</p>",ONJJEM,Mug,Kitchen;Mug;Travel,true,,,,0,100,34.99,,true,true,,
car-travel-cup,Car Travel Cup,"<p>Engineered specifically to fit car cup holders. Spill-resistant lid; full-colour photo wrap.</p>",ONJJEM,Mug,Kitchen;Mug;Travel,true,,,,0,100,34.99,,true,true,,
espresso-cups-set,Coffee & Espresso Cups — Set of 2,"<p>Two fine china espresso cups and saucers. Fine china; gift-boxed.</p>",ONJJEM,Mug,Kitchen;Mug;Gift,true,Set Size,Set of 2,espresso-cups-set,0,100,79.99,,true,true,,
bone-china-teapot,Bone China Photo Teapot,"<p>6-cup capacity; warm rich colour reproduction. Fine bone china; gift-boxed.</p>",ONJJEM,Teaware,Kitchen;Teapot;Gift,true,,,,0,100,124.99,,true,true,,
dinner-plates-set,Photo Dinner Plates — Set of 2,"<p>Two ceramic plates with fade-resistant inks. Ceramic; microwave and dishwasher safe.</p>",ONJJEM,Plate,Kitchen;Plate;Gift,true,Set Size,Set of 2,dinner-plates-set,0,100,49.99,,true,true,,
kids-photo-plate,Kids Photo Plate,"<p>Child-sized ceramic plate. Microwave and dishwasher safe.</p>",ONJJEM,Plate,Kitchen;Plate;Kids,true,,,,0,100,24.99,,true,true,,
beer-coasters-set,Photo Beer Coasters — Set of 4,"<p>Four round cork-backed coasters. 10.5 cm diameter.</p>",ONJJEM,Coaster,Kitchen;Coaster;Gift,true,Set Size,Set of 4,beer-coasters-set,0,100,34.99,,true,true,,
beer-mat,Heritage Photo Beer Mat,"<p>Single full-colour cork-backed beer mat. 10.5 cm diameter.</p>",ONJJEM,Coaster,Kitchen;Coaster;Gift,true,,,,0,100,14.99,,true,true,,
photo-apron,Photo Apron,"<p>100% polyester with fade-resistant printing. Adjustable neck strap; one size fits most.</p>",ONJJEM,Apron,Kitchen;Apron;Gift,true,,,,0,100,44.99,,true,true,,
double-oven-gloves,Double Oven Gloves,"<p>Heat resistant up to 200°C; padded interior. Photo printed on both sides.</p>",ONJJEM,Oven Gloves,Kitchen;Gloves;Gift,true,,,,0,100,74.99,,true,true,,
chopping-board,Photo Chopping Board,"<p>Printed under tempered glass. Heat resistant; wipe clean.</p>",ONJJEM,Chopping Board,Kitchen;Board;Gift,true,,,,0,100,54.99,,true,true,,
tea-caddy,Heritage Photo Tea Caddy,"<p>Airtight metal tin for 100g loose tea. Printed metal tin.</p>",ONJJEM,Tea Caddy,Kitchen;Tea;Gift,true,,,,0,100,34.99,,true,true,,
table-runner,Photo Table Runner,"<p>Full-length fabric table runner. 33×150 cm; machine washable.</p>",ONJJEM,Table Runner,Kitchen;Runner;Home,true,Size,33×150 cm,table-runner,0,100,54.99,,true,true,,
wine-bottle-cooler,Photo Wine Bottle Cooler,"<p>Stainless steel wine bottle cooler sleeve. Fits standard 75cl bottles.</p>",ONJJEM,Wine Cooler,Kitchen;Wine;Gift,true,,,,0,100,99.99,,true,true,,
snack-bowl,Photo Snack Bowl,"<p>Image inside reveals itself as snacks are eaten. Ceramic; 20 cm diameter.</p>",ONJJEM,Bowl,Kitchen;Bowl;Gift,true,,,,0,100,49.99,,true,true,,
glass-vase,Personalised Glass Vase,"<p>Full-colour photo glows through the glass. Clear glass; 25 cm height.</p>",ONJJEM,Vase,Home;Vase;Decor,true,Size,25 cm,glass-vase,0,100,79.99,,true,true,,
metallic-vase,Metallic Photo Vase,"<p>Metallic surface gives rich, luminous depth. 30 cm height.</p>",ONJJEM,Vase,Home;Vase;Decor,true,Size,30 cm,metallic-vase,0,100,99.99,,true,true,,
plant-pot-large,Heritage Photo Plant Pot,"<p>Ceramic plant pot with drainage hole. 20 cm height.</p>",ONJJEM,Plant Pot,Home;Plant;Decor,true,Size,20 cm,plant-pot-large,0,100,59.99,,true,true,,
scented-candle,Scented Photo Candle,"<p>Glass jar candle; choice of scents. 30-hour burn time.</p>",ONJJEM,Candle,Home;Candle;Gift,true,Scent,Vanilla,scented-candle,0,100,34.99,,true,true,,
scented-candle,,,,,,,,Scent,Lavender,scented-candle,0,100,34.99,,true,true,,
scented-candle,,,,,,,,Scent,Rose,scented-candle,0,100,34.99,,true,true,,
storage-trunk,Heritage Storage Trunk,"<p>Handmade wooden trunk for heirloom storage. Padded lid; velvet lining.</p>",ONJJEM,Storage,Home;Storage;Heirloom,true,,,,0,100,199.99,,true,true,,
round-footstool,Photo Round Footstool,"<p>Padded footstool with your photo on top. 40 cm diameter; beech wood legs.</p>",ONJJEM,Footstool,Home;Furniture;Decor,true,Size,40 cm Diameter,round-footstool,0,100,149.99,,true,true,,
rug-living-room,Custom Living Room Rug,"<p>Durable, short-pile rug for high-traffic areas. 150×100 cm or 200×150 cm.</p>",ONJJEM,Rug,Home;Rug;Decor,true,Size,150×100 cm,rug-living-room,0,100,189,,true,true,,
rug-living-room,,,,,,,,Size,200×150 cm,rug-living-room,0,100,249,,true,true,,
stickers-memory-vinyl,Memory Stickers,"<p>Waterproof, UV-resistant vinyl stickers. Sheet of 20.</p>",ONJJEM,Stickers,Gift;Stickers;Everyday,true,,,,0,100,9.99,,true,true,,
magnets-heritage-5,Heritage Fridge Magnets,"<p>Five premium acrylic magnets. Set of 5.</p>",ONJJEM,Magnets,Gift;Magnets;Everyday,true,Set Size,Set of 5,magnets-heritage-5,0,100,12.99,,true,true,,
mat-photo-mouse,Photo Mouse Mat,"<p>Smooth polyester with 6mm rubber base.</p>",ONJJEM,Mouse Mat,Gift;Office;Everyday,true,,,,0,100,19.99,,true,true,,
mug-masterlab-11oz,Master Lab Photo Mug,"<p>High-gloss ceramic mug. 11 oz; dishwasher safe.</p>",ONJJEM,Mug,Gift;Mug;Everyday,true,,,,0,100,19.99,,true,true,,
coasters-gloss-set4,High-Gloss Coasters,"<p>Sturdy wooden core with heat-proof gloss. Set of 4; 10×10 cm.</p>",ONJJEM,Coasters,Gift;Coasters;Everyday,true,Set Size,Set of 4,coasters-gloss-set4,0,100,24.99,,true,true,,
keyring-leather-everyday,Genuine Leather Keyring,"<p>Heart or rectangle shape; Nappa calf leather. Double-sided print.</p>",ONJJEM,Keyring,Gift;Keyring;Leather,true,Shape,Heart,keyring-leather-everyday,0,100,24.99,,true,true,,
keyring-leather-everyday,,,,,,,,Shape,Rectangle,keyring-leather-everyday,0,100,24.99,,true,true,,
labels-fabric-sheet12,Custom Fabric Labels,"<p>Iron-on fabric labels for quilts/gifts. Sheet of 12.</p>",ONJJEM,Fabric Labels,Gift;Labels;Crafts,true,Sheet Size,Sheet of 12,labels-fabric-sheet12,0,100,24.99,,true,true,,
bag-drawstring-heritage,Heritage Drawstring Bag,"<p>Sustainable eco calico cotton. 44.5×31.8 cm.</p>",ONJJEM,Drawstring Bag,Gift;Bag;Everyday,true,,,,0,100,24.99,,true,true,,
notebook-handmade-a5,Handmade Notebook,"<p>75 sheets of ivory artists paper. A5 (20.5×15 cm).</p>",ONJJEM,Notebook,Gift;Notebook;Everyday,true,,,,0,100,24.99,,true,true,,
towel-heritage-tea,Heritage Tea Towel,"<p>100% cotton; colour-fast. 50×70 cm.</p>",ONJJEM,Tea Towel,Gift;Tea Towel;Kitchen,true,Size,50×70 cm,towel-heritage-tea,0,100,29.99,,true,true,,
socks-face,Face Socks,"<p>Face printed all over. Sizes S / M / L.</p>",ONJJEM,Socks,Gift;Socks;Fun,true,Size,S,socks-face,0,100,29.99,,true,true,,
socks-face,,,,,,,,Size,M,socks-face,0,100,29.99,,true,true,,
socks-face,,,,,,,,Size,L,socks-face,0,100,29.99,,true,true,,
calendar-heritage-photo,Heritage Photo Calendar,"<p>Metal wire binding with hanging hook. A4 or A3 size; 12 months.</p>",ONJJEM,Calendar,Gift;Calendar;Home,true,Size,A4,calendar-heritage-photo,0,100,29.99,,true,true,,
calendar-heritage-photo,,,,,,,,Size,A3,calendar-heritage-photo,0,100,34.99,,true,true,,
leather-tote-bag,Luxury Leather Tote Bag,"<p>100% genuine Italian Nappa leather. Hand-painted edges; faux suede lining.</p>",ONJJEM,Tote Bag,Fashion;Bag;Leather,true,,,,0,100,249.99,,true,true,,
silk-scarf-square,Pure Silk Square Scarf,"<p>100% natural Mulberry silk. 90×90 cm; hand-rolled edges.</p>",ONJJEM,Scarf,Fashion;Scarf;Silk,true,Size,90×90 cm,silk-scarf-square,0,100,89.99,,true,true,,
photo-umbrella,Heritage Photo Umbrella,"<p>Your photo printed across all 8 panels. Windproof frame; auto-open.</p>",ONJJEM,Umbrella,Fashion;Umbrella;Gift,true,,,,0,100,59.99,,true,true,,
leather-wallet-mens,Men's Leather Wallet,"<p>Genuine leather with photo inside or out. 8 card slots; bill compartment.</p>",ONJJEM,Wallet,Fashion;Wallet;Leather,true,,,,0,100,74.99,,true,true,,
leather-purse-zip,Zip-Around Leather Purse,"<p>Full-colour photo on genuine Nappa leather. 12 card slots; coin pocket.</p>",ONJJEM,Purse,Fashion;Purse;Leather,true,,,,0,100,84.99,,true,true,,
leather-belt-wide,Wide Photo Wrap Belt,"<p>Wide leather wrap belt with your portrait. Genuine leather; waist size 24–44".</p>",ONJJEM,Belt,Fashion;Belt;Leather,true,Size,24–44 inches,leather-belt-wide,0,100,179.99,,true,true,,
photo-sunglasses,Heritage Photo Sunglasses,"<p>Your photo on the arms. UV400 lenses.</p>",ONJJEM,Sunglasses,Fashion;Sunglasses;Gift,true,,,,0,100,44.99,,true,true,,
hair-brush,Photo Hair Brush,"<p>Paddle hair brush with photo back panel. Soft bristles.</p>",ONJJEM,Hair Brush,Fashion;Brush;Gift,true,,,,0,100,59.99,,true,true,,
hair-scrunchies,Heritage Photo Scrunchies — Pack of 3,"<p>Elasticated fabric scrunchies. Pack of 3.</p>",ONJJEM,Scrunchies,Fashion;Hair;Gift,true,Pack Size,Pack of 3,hair-scrunchies,0,100,44.99,,true,true,,
leather-keyrings,Leather Photo Keyrings,"<p>Genuine leather printed keyring. 6×4 cm.</p>",ONJJEM,Keyring,Fashion;Keyring;Leather,true,,,,0,100,24.99,,true,true,,
cufflinks,Heritage Photo Cufflinks,"<p>Restored family portrait set under glass. Silver-tone setting; gift-boxed.</p>",ONJJEM,Cufflinks,Jewellery;Cufflinks;Gift,true,,,,0,100,49.99,,true,true,,
silk-tie,Heritage Silk Tie,"<p>Photo printed across the full length. 100% silk; gift-boxed.</p>",ONJJEM,Tie,Jewellery;Tie;Silk,true,,,,0,100,59.99,,true,true,,
hip-flask,Leather Photo Hip Flask,"<p>Stainless steel flask wrapped in leather. 6oz; genuine leather.</p>",ONJJEM,Hip Flask,Jewellery;Hip Flask;Gift,true,Size,6oz,hip-flask,0,100,149.99,,true,true,,
wooden-earrings,Heritage Photo Wooden Earrings,"<p>Lightweight plywood with natural grain. 4 cm diameter; stainless steel hooks.</p>",ONJJEM,Earrings,Jewellery;Earrings;Wooden,true,Shape,Round,wooden-earrings,0,100,44.99,,true,true,,
wooden-earrings,,,,,,,,Shape,Triangle,wooden-earrings,0,100,44.99,,true,true,,
wooden-necklace,Heritage Photo Wooden Necklace,"<p>Plywood pendant on black cord. 45 cm cord; round or triangle.</p>",ONJJEM,Necklace,Jewellery;Necklace;Wooden,true,Shape,Round,wooden-necklace,0,100,49.99,,true,true,,
wooden-necklace,,,,,,,,Shape,Triangle,wooden-necklace,0,100,49.99,,true,true,,
photo-wristband,Heritage Photo Wristband,"<p>Elasticated fabric wristband. One size fits most.</p>",ONJJEM,Wristband,Jewellery;Wristband;Gift,true,,,,0,100,24.99,,true,true,,
heritage-heart-ornament,Heritage Heart Ornament,"<p>Heart-shaped ceramic ornament. 9 cm; ribbon loop.</p>",ONJJEM,Ornament,Jewellery;Ornament;Gift,true,Size,9 cm,heritage-heart-ornament,0,100,34.99,,true,true,,
wall-mural,The Masterpiece Wall Mural,"<p>Turn your entire wall into life-sized portrait. 6 finishes; 120gsm to 350gsm.</p>",ONJJEM,Wall Mural,Wall;Mural;Feature,true,Finish,Standard,wall-mural,0,100,59,,true,true,,
wall-mural,,,,,,,,Finish,Premium,wall-mural,0,100,79,,true,true,,
wall-mural,,,,,,,,Finish,Deluxe,wall-mural,0,100,99,,true,true,,
wall-mural,,,,,,,,Finish,Luxury,wall-mural,0,100,129,,true,true,,
wall-mural,,,,,,,,Finish,Master,wall-mural,0,100,169,,true,true,,
wall-mural,,,,,,,,Finish,Ultimate,wall-mural,0,100,229,,true,true,,
bespoke-mural,Bespoke Wall Mural — Full Room,"<p>Ultimate statement for room dimensions. Museum-grade wallpaper.</p>",ONJJEM,Wall Mural,Wall;Mural;Bespoke,true,,,,0,100,75,,true,true,,
wallpaper-sample,Master Lab Wallpaper Sample,"<p>See the AI restoration detail in person. 62×30 cm; credited back on full order.</p>",ONJJEM,Wallpaper Sample,Wall;Sample;Gift,true,,,,0,100,5,,true,true,,
junior-throw-100x73,Junior Throw Blanket,"<p>Soft throw with team or sports hero. 100×73 cm; 570gsm fleece.</p>",ONJJEM,Throw Blanket,Junior;Sports;Blanket,true,Size,100×73 cm,junior-throw-100x73,0,100,54.99,,true,true,,
junior-duvet,Sports Hero Duvet Cover,"<p>Team photo printed on organic cotton. Junior to King; 100% Organic Cotton.</p>",ONJJEM,Duvet Cover,Junior;Sports;Bedroom,true,Size,Single,junior-duvet,0,100,69,,true,true,,
junior-duvet,,,,,,,,Size,Double,junior-duvet,0,100,89,,true,true,,
junior-duvet,,,,,,,,Size,King,junior-duvet,0,100,109,,true,true,,
junior-peel-stick-poster,Peel & Stick Team Poster,"<p>Giant bedroom sticker; no frames required. A1 (59×84 cm).</p>",ONJJEM,Poster,Junior;Sports;Poster,true,Size,A1,junior-peel-stick-poster,0,100,34.99,,true,true,,
junior-wall-mural,Bespoke Wall Mural (Full Room),"<p>Custom-fit stadium or team mural. Made to measure.</p>",ONJJEM,Wall Mural,Junior;Sports;Mural,true,,,,0,100,149,,true,true,,
junior-curtains,Bespoke Team Curtains,"<p>Custom-fit blackout curtains. Blackout lining; made to measure.</p>",ONJJEM,Curtains,Junior;Sports;Curtains,true,,,,0,100,125,,true,true,,
ribbon-photo-per-metre,Bespoke Photo Ribbon,"<p>Satin-finish ribbon with restored memories. Per metre; hand-finished.</p>",ONJJEM,Ribbon,Gift;Ribbon;Personalisation,true,Length,Per Metre,ribbon-photo-per-metre,0,100,14.95,,true,true,,
gift-tags-heritage-20,Heritage Gift Tags,"<p>Double-sided premium tags. Pack of 20; hanging chains.</p>",ONJJEM,Gift Tags,Gift;Tags;Packaging,true,Pack Size,Pack of 20,gift-tags-heritage-20,0,100,24.99,,true,true,,
giftwrap-single-sheet,Luxury Gift Wrap — Single Sheet,"<p>140gsm satin-gloss paper. A3 sheet.</p>",ONJJEM,Gift Wrap,Gift;Wrap;Packaging,true,Size,A3 Sheet,giftwrap-single-sheet,0,100,4.99,,true,true,,
giftwrap-full-roll,Luxury Gift Wrap — Full Roll,"<p>Matching paper for multiple gifts. Full roll (A0).</p>",ONJJEM,Gift Wrap,Gift;Wrap;Packaging,true,Size,Full Roll,giftwrap-full-roll,0,100,14.99,,true,true,,
duvet-organic-cotton,Photo Duvet Cover,"<p>Your restored photo printed across the full face of a 100% organic cotton duvet cover. Crisp, breathable, machine washable at 40°C. Zip fastening. Available in four standard UK sizes. Duvet cover only. 5-Year Print Guarantee.</p>",ONJJEM,Duvet Cover,Home;Bedroom;Sleep,true,Size,Single 140×198cm,duvet-organic-cotton,0,100,59,,true,true,,
duvet-organic-cotton,,,,,,,,Size,Double 218×229cm,duvet-organic-cotton,0,100,79,,true,true,,
duvet-organic-cotton,,,,,,,,Size,King,duvet-organic-cotton,0,100,99,,true,true,,
duvet-organic-cotton,,,,,,,,Size,Super King,duvet-organic-cotton,0,100,119,,true,true,,
rug-bedside-90x63,Plush Bedside Rug,"<p>Handcrafted in London from the finest plush velour available in the UK — a fabric of extraordinary depth and softness you simply won't find anywhere else. Your AI-restored photo is reproduced in breathtaking colour beneath a surface so sumptuously thick it belongs in a five-star suite. Non-slip rubber base. 10-year print guarantee.</p>",ONJJEM,Rug,Home;Bedroom;Luxury,true,Size,90×63 cm,rug-bedside-90x63,0,100,99,,true,true,,
duvet-pure-silk,Pure Silk Duvet Cover,"<p>The ultimate bedroom luxury. Hand-sewn in London from natural silk satin — gentle on skin and naturally temperature-regulating. Your restored photo reproduced in breathtaking clarity across the full face. 10-Year Master Guarantee.</p>",ONJJEM,Duvet Cover,Home;Bedroom;Premium,true,Size,Single,duvet-pure-silk,0,100,129,,true,true,,
duvet-pure-silk,,,,,,,,Size,Double,duvet-pure-silk,0,100,169,,true,true,,
duvet-pure-silk,,,,,,,,Size,King,duvet-pure-silk,0,100,209,,true,true,,
duvet-pure-silk,,,,,,,,Size,Super King,duvet-pure-silk,0,100,249,,true,true,,
duvet-single-140x198,Photo Duvet Cover — Single,"<p>Your restored photo printed across the full face of a single duvet cover in 100% organic cotton. Breathable, machine washable at 40°C, zip fastening. Duvet cover only — insert not included.</p>",ONJJEM,Duvet Cover,Home;Bedroom;Organic,true,Size,Single 140×198 cm,duvet-single-140x198,0,100,135,,true,true,,
duvet-double-218x229,Photo Duvet Cover — Double,"<p>Your restored photo printed across the full face of a double duvet cover in 100% organic cotton. Breathable, machine washable at 40°C, zip fastening. Duvet cover only — insert not included.</p>",ONJJEM,Duvet Cover,Home;Bedroom;Organic,true,Size,Double 218×229 cm,duvet-double-218x229,0,100,165,,true,true,,
